<?xml version="1.0" encoding="UTF-8"?>
<project-private xmlns="http://www.netbeans.org/ns/project-private/1">
    <editor-bookmarks xmlns="http://www.netbeans.org/ns/editor-bookmarks/2" lastBookmarkId="0"/>
    <open-files xmlns="http://www.netbeans.org/ns/projectui-open-files/2">
        <group>
            <file>file:/mnt/Cross%20Data/ISTTS/Semester%202/Struktur%20Data/Proyek/App/PageRank/src/pagerankGUI/Display.java</file>
            <file>file:/mnt/Cross%20Data/ISTTS/Semester%202/Struktur%20Data/Proyek/App/PageRank/src/pagerank/PageRank.java</file>
            <file>file:/mnt/Cross%20Data/ISTTS/Semester%202/Struktur%20Data/Proyek/App/PageRank/src/pagerankGUI/Node.java</file>
            <file>file:/mnt/Cross%20Data/ISTTS/Semester%202/Struktur%20Data/Proyek/App/PageRank/src/pagerank/Output.java</file>
            <file>file:/mnt/Cross%20Data/ISTTS/Semester%202/Struktur%20Data/Proyek/App/PageRank/src/pagerankGUI/Window.java</file>
            <file>file:/mnt/Cross%20Data/ISTTS/Semester%202/Struktur%20Data/Proyek/App/PageRank/src/pagerank/Input.java</file>
            <file>file:/mnt/Cross%20Data/ISTTS/Semester%202/Struktur%20Data/Proyek/App/PageRank/src/pagerank/Main.java</file>
            <file>file:/mnt/Cross%20Data/ISTTS/Semester%202/Struktur%20Data/Proyek/App/PageRank/src/pagerankGUI/InputMenu.java</file>
        </group>
    </open-files>
</project-private>
